2021-05-11 10:15:10,50,5000
2021-05-11 10:15:10,50,5000
2021-05-11 10:15:10,50,5000
2564-12-11 14:14:54,11,1100.0
2021-12-11 14:16:52,40,4000.0
2564-12-11 15:09:16,50,5000.0
2564-12-11 15:09:52,20,2000.0
2564-12-11 15:40:29,20,2000.0
2564-12-11 15:49:27,9,900.0
2564-12-11 15:50:32,10,1000.0
2564-12-11 15:53:32,10,1000.0
2564-12-11 15:55:28,15,1500.0
2564-12-11 15:55:32,20,2000.0
2564-12-11 15:55:37,25,2500.0
2564-12-11 15:58:20,40,4000.0
2564-12-11 15:58:33,7,700.0
2564-12-11 15:58:40,80,8000.0
2564-12-11 15:58:42,60,6000.0
2564-12-11 15:58:45,90,9000.0
